AA	PAIR	CLASS
L	CTACTT	NEUTRAL
Q	CAACAG	SELECTED
T	ACAACC	SELECTED
T	ACCACG	SELECTED
R	AGACGA	SELECTED
G	GGAGGC	SELECTED
A	GCAGCC	SELECTED
S	TCATCC	SELECTED
R	AGGCGG	SELECTED
S	TCGTCT	SELECTED
S	AGCAGT	SELECTED
L	CTGTTG	SELECTED
I	ATAATC	SELECTED
T	ACAACG	SELECTED
T	ACAACT	SELECTED
N	AACAAT	SELECTED
P	CCACCG	SELECTED
K	AAAAAG	SELECTED
G	GGAGGT	NEUTRAL
V	GTAGTT	SELECTED
H	CACCAT	NEUTRAL
S	TCCTCG	SELECTED
R	CGGCGT	SELECTED
A	GCAGCT	NEUTRAL
R	CGCCGG	SELECTED
R	CGACGG	SELECTED
L	CTGCTT	SELECTED
A	GCAGCG	SELECTED
V	GTCGTT	SELECTED
V	GTGGTT	SELECTED
P	CCCCCG	SELECTED
G	GGAGGG	SELECTED
T	ACGACT	SELECTED
S	TCCTCT	SELECTED
R	CGACGC	SELECTED
A	GCCGCG	SELECTED
Y	TACTAT	NEUTRAL
S	TCATCT	SELECTED
V	GTAGTG	SELECTED
G	GGCGGG	SELECTED
V	GTCGTG	SELECTED
F	TTCTTT	NEUTRAL
P	CCCCCT	SELECTED
L	CTCCTT	NEUTRAL
G	GGGGGT	SELECTED
R	CGACGT	NEUTRAL
I	ATCATT	SELECTED
L	CTACTG	SELECTED
L	CTACTC	SELECTED
I	ATAATT	NEUTRAL
G	GGCGGT	NEUTRAL
R	AGAAGG	SELECTED
D	GACGAT	SELECTED
E	GAAGAG	SELECTED
S	TCATCG	SELECTED
C	TGCTGT	NEUTRAL
P	CCGCCT	SELECTED
R	CGCCGT	SELECTED
P	CCACCC	SELECTED
L	CTATTA	NEUTRAL
A	GCCGCT	SELECTED
P	CCACCT	SELECTED
A	GCGGCT	SELECTED
T	ACCACT	SELECTED
L	CTCCTG	SELECTED
L	TTATTG	SELECTED
V	GTAGTC	SELECTED